id,firstName,lastName,email,gender,contactNo,country,dob,age
1,Dud,Ishak,dishak0@alexa.com,Male,970-613-2617,Ukraine,24-06-2012,20aaddf
2,Jolyn,Bragg,jbragg1@go.com,Genderqueer,614-319-7266,United States,18-09-2003,12
3,Sallie,Gaw,sgaw2@mit.edu,Female,997-395-9270,France,12-05-1994,30
4,Belle,De Biasi,bdebiasi3@ucla.edu,Female,592-563-0424,Democratic Republic of the Congo,08-04-2001,40
5,Bing,Filov,bfilov4@engadget.com,Male,343-984-1150,Indonesia,19-10-1992,23
6,West,Douberday,wdouberday5@mozilla.org,Male,615-444-4318,Brazil,24-05-1990,24
7,Marion,Northridge,mnorthridge6@newsvine.com,Female,149-504-2848,Dominican Republic,01-04-2020,30
8,Hillary,Whittle,hwhittle7@free.fr,Non-binary,800-103-2454,China,09-05-1993,21
9,Standford,Semour,ssemour8@live.com,Genderqueer,442-441-9317,Indonesia,24-10-2010,22
10,Babs,Orridge,borridge9@exblog.jp,Female,654-596-4163,Netherlands,04-08-1999,23
11,Arliene,Dunnett,adunnetta@microsoft.com,Female,799-950-8349,China,10-08-1999,24
12,Anabal,Bick,abickb@icq.com,Female,100-307-6924,Ukraine,20-06-2009,15
13,Thelma,Hoodlass,thoodlassc@ucsd.edu,Female,627-566-6711,China,16-11-2012,16
14,Othello,Sperrett,osperrettd@feedburner.com,Male,326-887-9247,France,28-11-1990,17
15,Kristal,Herche,kherchee@cbslocal.com,Female,928-973-7589,China,12-11-2016,13
